<Ui xmlns="http://www.blizzard.com/wow/ui/" xmlns:xsi="http://www.w3.org/2001/XMLSchema-instance" xsi:schemaLocation="http://www.blizzard.com/wow/ui/ ..\FrameXML\UI.xsd">
	<Script file="VIPTeleport.lua"/>
	<Script file="VIPTeleport_teleport.lua"/>
	<Button name = "VIPTeleportEntryTemplate" virtual="true">
		<Size>
			<AbsDimension x="200" y="16" />
		</Size>
		<Scripts>
			<OnClick>
				VIPTeleportScrollBar_OnClick(self:GetText())
			</OnClick>
		</Scripts>
		<NormalFont style="GameFontHighlightLeft"/>
	</Button>
	
	<Button name = "VIPTeleportAreaEntryTemplate" virtual="true">
		<Size>
			<AbsDimension x="200" y="16" />
		</Size>
		<Scripts>
			<OnClick>
				VIPTeleportAreaScrollBar_OnClick(self:GetText())
			</OnClick>
		</Scripts>
		<NormalFont style="GameFontHighlightLeft"/>
	</Button>
	
	<Button name = "VIPTeleportPlaceEntryTemplate" virtual="true">
		<Size>
			<AbsDimension x="200" y="16" />
		</Size>
		<Scripts>
			<OnClick>
				VIPTeleportPlaceScrollBar_OnClick(self:GetText())
			</OnClick>
		</Scripts>
		<NormalFont style="GameFontHighlightLeft"/>
	</Button>
	
	<Frame name="VIPTeleport" parent="UIParent" frameStrata="DIALOG" hidden="true" movable="true" enableMouse="true" clampedToScreen="true">
		<Size>
			<AbsDimension x="640" y="250"/>
		</Size>
		<Anchors>
			<Anchor point="LEFT" relativePoint="CENTER">
				<Offset>
					<AbsDimension x="200" y="0"/>
				</Offset>
			</Anchor>
		</Anchors>
		<Scripts>
			<OnLoad>
				VIPTeleport_OnLoad()
				self:RegisterForDrag("LeftButton")
				self:SetUserPlaced(1)
			</OnLoad>
			<OnEvent>
				VIPTeleport_OnEvent(event);
			</OnEvent>
			<OnDragStart>
				self:StartMoving()
			</OnDragStart>
			<OnDragStop>
				self:StopMovingOrSizing()
			</OnDragStop>
		</Scripts>
		<Backdrop bgFile="Interface\DialogFrame\UI-DialogBox-Background" edgeFile="Interface\DialogFrame\UI-DialogBox-Border" tile="true">
			<BackgroundInsets>
				<AbsInset left="11" right="12" top="12" bottom="11"/>
			</BackgroundInsets>
			<TileSize>
				<AbsValue val="32"/>
			</TileSize>
			<EdgeSize>
				<AbsValue val="32"/>
			</EdgeSize>
		</Backdrop>
		<Layers>
			<Layer level="ARTWORK">
				<Texture name="VIPTeleportTitle" file="Interface\DialogFrame\UI-DialogBox-Header">
				   <Size>
					  <AbsDimension x="375" y="64"/>
				   </Size>
				   <Anchors>
					  <Anchor point="TOP">
						 <Offset>
							<AbsDimension x="0" y="12"/>
						 </Offset>
					  </Anchor>
				   </Anchors>
				</Texture>
				<FontString inherits="GameFontNormal" text="VIP Teleport 2.5.2 WOTLK">
				   <Anchors>
					  <Anchor point="TOP" relativeTo="$parentTitle">
						 <Offset>
							<AbsDimension x="0" y="-14"/>
						 </Offset>
					  </Anchor>
				   </Anchors>
				</FontString>
			</Layer>
		</Layers>
		<Frames>
			<Button name="VIPTeleportClose" text="Close" inherits="UIPanelButtonTemplate">
				<Size>
				  <AbsDimension x="64" y="24"/>
				</Size>
				<Anchors>
				  <Anchor point="BOTTOM">
					 <Offset>
						<AbsDimension x="0" y="15"/>
					 </Offset>
				  </Anchor>
				</Anchors>
				<Scripts>
				   <OnClick>
					 self:GetParent():Hide()
				   </OnClick>
				</Scripts>
			</Button>
			<Button name="VIPTeleportDalaran" text="Dalaran" inherits="UIPanelButtonTemplate">
				<Size>
				  <AbsDimension x="64" y="24"/>
				</Size>
				<Anchors>
				  <Anchor point="BOTTOMLEFT">
					 <Offset>
						<AbsDimension x="10" y="10"/>
					 </Offset>
				  </Anchor>
				</Anchors>
				<Scripts>
				   <OnClick>
					VIPTeleportDalaran_OnClick()
				   </OnClick>
				</Scripts>
			</Button>
			<Frame name="VIPTeleportTableList"> 
				<Size>
					<AbsDimension x="200" y="190"/>
				</Size>
				<Anchors>
					<Anchor point="TOPLEFT">
						<Offset>
							<AbsDimension x="10" y="-19"/>
						</Offset>
					</Anchor>
				</Anchors>
				<Backdrop edgeFile="Interface\Tooltips\UI-Tooltip-Border" tile="true">
					<EdgeSize>
						<AbsValue val="16"/>
					</EdgeSize>
					<TileSize>
						<AbsValue val="16"/>
					</TileSize>
				</Backdrop>
				<Scripts>
					<OnMouseWheel>
					</OnMouseWheel>
				</Scripts>
				<Frames>
					<ScrollFrame name="VIPTeleportScrollBar" inherits="FauxScrollFrameTemplate" hidden="true">
						<Size>
							<AbsDimension x="170" y="91"/>
						</Size>
						<Anchors>
							<Anchor point="TOPLEFT">
								<Offset>
									<AbsDimension x="0" y="-8"/>
								</Offset>
							</Anchor>
						</Anchors>
						<Scripts>
							<OnVerticalScroll>
								FauxScrollFrame_OnVerticalScroll(self, offset, 16, VIPTeleportScrollBar_Update);
							</OnVerticalScroll>
							<OnShow>
								VIPTeleportScrollBar_Update()
							</OnShow>
						</Scripts>
					</ScrollFrame>
				</Frames>
			</Frame>
			
			<Frame name="VIPTeleportAreaTableList"> 
				<Size>
					<AbsDimension x="200" y="190"/>
				</Size>
				<Anchors>
					<Anchor point="TOPLEFT">
						<Offset>
							<AbsDimension x="220" y="-19"/>
						</Offset>
					</Anchor>
				</Anchors>
				<Backdrop edgeFile="Interface\Tooltips\UI-Tooltip-Border" tile="true">
					<EdgeSize>
						<AbsValue val="16"/>
					</EdgeSize>
					<TileSize>
						<AbsValue val="16"/>
					</TileSize>
				</Backdrop>
				<Scripts>
					<OnMouseWheel>
					</OnMouseWheel>
				</Scripts>
				<Frames>
					<ScrollFrame name="VIPTeleportAreaScrollBar" inherits="FauxScrollFrameTemplate" hidden="true">
						<Size>
							<AbsDimension x="170" y="171"/>
						</Size>
						<Anchors>
							<Anchor point="TOPLEFT">
								<Offset>
									<AbsDimension x="0" y="-8"/>
								</Offset>
							</Anchor>
						</Anchors>
						<Scripts>
							<OnVerticalScroll>
								FauxScrollFrame_OnVerticalScroll(self, offset, 16, VIPTeleportAreaScrollBar_Update);
							</OnVerticalScroll>
							<OnShow>
								VIPTeleportAreaScrollBar_Update()
							</OnShow>
						</Scripts>
					</ScrollFrame>
				</Frames>
			</Frame>
			
			<Frame name="VIPTeleportPlaceTableList"> 
				<Size>
					<AbsDimension x="200" y="190"/>
				</Size>
				<Anchors>
					<Anchor point="TOPLEFT">
						<Offset>
							<AbsDimension x="430" y="-19"/>
						</Offset>
					</Anchor>
				</Anchors>
				<Backdrop edgeFile="Interface\Tooltips\UI-Tooltip-Border" tile="true">
					<EdgeSize>
						<AbsValue val="16"/>
					</EdgeSize>
					<TileSize>
						<AbsValue val="16"/>
					</TileSize>
				</Backdrop>
				<Scripts>
					<OnMouseWheel>
					</OnMouseWheel>
				</Scripts>
				<Frames>
					<ScrollFrame name="VIPTeleportPlaceScrollBar" inherits="FauxScrollFrameTemplate" hidden="true">
						<Size>
							<AbsDimension x="170" y="171"/>
						</Size>
						<Anchors>
							<Anchor point="TOPLEFT">
								<Offset>
									<AbsDimension x="0" y="-8"/>
								</Offset>
							</Anchor>
						</Anchors>
						<Scripts>
							<OnVerticalScroll>
								FauxScrollFrame_OnVerticalScroll(self, offset, 16, VIPTeleportPlaceScrollBar_Update);
							</OnVerticalScroll>
							<OnShow>
								VIPTeleportPlaceScrollBar_Update()
							</OnShow>
						</Scripts>
					</ScrollFrame>
				</Frames>
			</Frame>
			
			<Button name="VIPTeleportEntry1" inherits="VIPTeleportEntryTemplate">
				<Anchors>
					<Anchor point="TOPLEFT" relativeTo="VIPTeleportScrollBar" relativePoint="TOPLEFT">
						<Offset>
							<AbsDimension x="8" y="0"/>
						</Offset>
					</Anchor>
				</Anchors>
			</Button>
			<Button name="VIPTeleportEntry2" inherits="VIPTeleportEntryTemplate">
				<Anchors>
					<Anchor point="TOPLEFT" relativeTo="VIPTeleportEntry1" relativePoint="BOTTOMLEFT"/>
				</Anchors>
			</Button>
			<Button name="VIPTeleportEntry3" inherits="VIPTeleportEntryTemplate">
				<Anchors>
					<Anchor point="TOPLEFT" relativeTo="VIPTeleportEntry2" relativePoint="BOTTOMLEFT"/>
				</Anchors>
			</Button>
			<Button name="VIPTeleportEntry4" inherits="VIPTeleportEntryTemplate">
				<Anchors>
					<Anchor point="TOPLEFT" relativeTo="VIPTeleportEntry3" relativePoint="BOTTOMLEFT"/>
				</Anchors>
			</Button>
			<Button name="VIPTeleportEntry5" inherits="VIPTeleportEntryTemplate">
				<Anchors>
					<Anchor point="TOPLEFT" relativeTo="VIPTeleportEntry4" relativePoint="BOTTOMLEFT"/>
				</Anchors>
			</Button>
			<Button name="VIPTeleportEntry6" inherits="VIPTeleportEntryTemplate">
				<Anchors>
					<Anchor point="TOPLEFT" relativeTo="VIPTeleportEntry5" relativePoint="BOTTOMLEFT"/>
				</Anchors>
			</Button>
			<Button name="VIPTeleportEntry7" inherits="VIPTeleportEntryTemplate">
				<Anchors>
					<Anchor point="TOPLEFT" relativeTo="VIPTeleportEntry6" relativePoint="BOTTOMLEFT"/>
				</Anchors>
			</Button>
			
			<Button name="VIPTeleportAreaEntry1" inherits="VIPTeleportAreaEntryTemplate">
				<Anchors>
					<Anchor point="TOPLEFT" relativeTo="VIPTeleportAreaScrollBar" relativePoint="TOPLEFT">
						<Offset>
							<AbsDimension x="8" y="0"/>
						</Offset>
					</Anchor>
				</Anchors>
			</Button>
			<Button name="VIPTeleportAreaEntry2" inherits="VIPTeleportAreaEntryTemplate">
				<Anchors>
					<Anchor point="TOPLEFT" relativeTo="VIPTeleportAreaEntry1" relativePoint="BOTTOMLEFT"/>
				</Anchors>
			</Button>
			<Button name="VIPTeleportAreaEntry3" inherits="VIPTeleportAreaEntryTemplate">
				<Anchors>
					<Anchor point="TOPLEFT" relativeTo="VIPTeleportAreaEntry2" relativePoint="BOTTOMLEFT"/>
				</Anchors>
			</Button>
			<Button name="VIPTeleportAreaEntry4" inherits="VIPTeleportAreaEntryTemplate">
				<Anchors>
					<Anchor point="TOPLEFT" relativeTo="VIPTeleportAreaEntry3" relativePoint="BOTTOMLEFT"/>
				</Anchors>
			</Button>
			<Button name="VIPTeleportAreaEntry5" inherits="VIPTeleportAreaEntryTemplate">
				<Anchors>
					<Anchor point="TOPLEFT" relativeTo="VIPTeleportAreaEntry4" relativePoint="BOTTOMLEFT"/>
				</Anchors>
			</Button>
			<Button name="VIPTeleportAreaEntry6" inherits="VIPTeleportAreaEntryTemplate">
				<Anchors>
					<Anchor point="TOPLEFT" relativeTo="VIPTeleportAreaEntry5" relativePoint="BOTTOMLEFT"/>
				</Anchors>
			</Button>
			<Button name="VIPTeleportAreaEntry7" inherits="VIPTeleportAreaEntryTemplate">
				<Anchors>
					<Anchor point="TOPLEFT" relativeTo="VIPTeleportAreaEntry6" relativePoint="BOTTOMLEFT"/>
				</Anchors>
			</Button>
			<Button name="VIPTeleportAreaEntry8" inherits="VIPTeleportAreaEntryTemplate">
				<Anchors>
					<Anchor point="TOPLEFT" relativeTo="VIPTeleportAreaEntry7" relativePoint="BOTTOMLEFT"/>
				</Anchors>
			</Button>
			<Button name="VIPTeleportAreaEntry9" inherits="VIPTeleportAreaEntryTemplate">
				<Anchors>
					<Anchor point="TOPLEFT" relativeTo="VIPTeleportAreaEntry8" relativePoint="BOTTOMLEFT"/>
				</Anchors>
			</Button>
			<Button name="VIPTeleportAreaEntry10" inherits="VIPTeleportAreaEntryTemplate">
				<Anchors>
					<Anchor point="TOPLEFT" relativeTo="VIPTeleportAreaEntry9" relativePoint="BOTTOMLEFT"/>
				</Anchors>
			</Button>
			
			<Button name="VIPTeleportPlaceEntry1" inherits="VIPTeleportPlaceEntryTemplate">
				<Anchors>
					<Anchor point="TOPLEFT" relativeTo="VIPTeleportPlaceScrollBar" relativePoint="TOPLEFT">
						<Offset>
							<AbsDimension x="8" y="0"/>
						</Offset>
					</Anchor>
				</Anchors>
			</Button>
			<Button name="VIPTeleportPlaceEntry2" inherits="VIPTeleportPlaceEntryTemplate">
				<Anchors>
					<Anchor point="TOPLEFT" relativeTo="VIPTeleportPlaceEntry1" relativePoint="BOTTOMLEFT"/>
				</Anchors>
			</Button>
			<Button name="VIPTeleportPlaceEntry3" inherits="VIPTeleportPlaceEntryTemplate">
				<Anchors>
					<Anchor point="TOPLEFT" relativeTo="VIPTeleportPlaceEntry2" relativePoint="BOTTOMLEFT"/>
				</Anchors>
			</Button>
			<Button name="VIPTeleportPlaceEntry4" inherits="VIPTeleportPlaceEntryTemplate">
				<Anchors>
					<Anchor point="TOPLEFT" relativeTo="VIPTeleportPlaceEntry3" relativePoint="BOTTOMLEFT"/>
				</Anchors>
			</Button>
			<Button name="VIPTeleportPlaceEntry5" inherits="VIPTeleportPlaceEntryTemplate">
				<Anchors>
					<Anchor point="TOPLEFT" relativeTo="VIPTeleportPlaceEntry4" relativePoint="BOTTOMLEFT"/>
				</Anchors>
			</Button>
			<Button name="VIPTeleportPlaceEntry6" inherits="VIPTeleportPlaceEntryTemplate">
				<Anchors>
					<Anchor point="TOPLEFT" relativeTo="VIPTeleportPlaceEntry5" relativePoint="BOTTOMLEFT"/>
				</Anchors>
			</Button>
			<Button name="VIPTeleportPlaceEntry7" inherits="VIPTeleportPlaceEntryTemplate">
				<Anchors>
					<Anchor point="TOPLEFT" relativeTo="VIPTeleportPlaceEntry6" relativePoint="BOTTOMLEFT"/>
				</Anchors>
			</Button>
			<Button name="VIPTeleportPlaceEntry8" inherits="VIPTeleportPlaceEntryTemplate">
				<Anchors>
					<Anchor point="TOPLEFT" relativeTo="VIPTeleportPlaceEntry7" relativePoint="BOTTOMLEFT"/>
				</Anchors>
			</Button>
			<Button name="VIPTeleportPlaceEntry9" inherits="VIPTeleportPlaceEntryTemplate">
				<Anchors>
					<Anchor point="TOPLEFT" relativeTo="VIPTeleportPlaceEntry8" relativePoint="BOTTOMLEFT"/>
				</Anchors>
			</Button>
			<Button name="VIPTeleportPlaceEntry10" inherits="VIPTeleportPlaceEntryTemplate">
				<Anchors>
					<Anchor point="TOPLEFT" relativeTo="VIPTeleportPlaceEntry9" relativePoint="BOTTOMLEFT"/>
				</Anchors>
			</Button>
			
		</Frames>
	</Frame>
</Ui>