<Ui xmlns="http://www.blizzard.com/wow/ui/"   xmlns:xsi="http://www.w3.org/2001/XMLSchema-instance"   xsi:schemaLocation="http://www.blizzard.com/wow/ui/">

	<Button name="MapPointTemplate" hidden="false" virtual="true">
		<Size>
			<AbsDimension x="16" y="16"/>
		</Size>
		<Anchors>
			<Anchor point="CENTER"/>
		</Anchors>
		<Scripts>
			<OnLoad>
				self:SetFrameLevel(self:GetFrameLevel() + 10)
			</OnLoad>
			<OnEnter>
				ShowWorldMapToolTip()
			</OnEnter>
			<OnLeave>
				WorldMapTooltip:Hide()
			</OnLeave>
			<OnClick>
				WorldMap_OnClick(self)
			</OnClick>
		</Scripts>
		<NormalTexture name="$parentTexture" file="Interface\AddOns\VIPTeleport\icon"/>
	</Button>


	<Button name="VIPTeleport_MapPoint1" inherits="MapPointTemplate" id="1" parent="WorldMapButton"/>
	<Button name="VIPTeleport_MapPoint2" inherits="MapPointTemplate" id="2" parent="WorldMapButton"/>
	<Button name="VIPTeleport_MapPoint3" inherits="MapPointTemplate" id="3" parent="WorldMapButton"/>
	<Button name="VIPTeleport_MapPoint4" inherits="MapPointTemplate" id="4" parent="WorldMapButton"/>
	<Button name="VIPTeleport_MapPoint5" inherits="MapPointTemplate" id="5" parent="WorldMapButton"/>
	<Button name="VIPTeleport_MapPoint6" inherits="MapPointTemplate" id="6" parent="WorldMapButton"/>
	<Button name="VIPTeleport_MapPoint7" inherits="MapPointTemplate" id="7" parent="WorldMapButton"/>
	<Button name="VIPTeleport_MapPoint8" inherits="MapPointTemplate" id="8" parent="WorldMapButton"/>
	<Button name="VIPTeleport_MapPoint9" inherits="MapPointTemplate" id="9" parent="WorldMapButton"/>
	<Button name="VIPTeleport_MapPoint10" inherits="MapPointTemplate" id="10" parent="WorldMapButton"/>
	<Button name="VIPTeleport_MapPoint11" inherits="MapPointTemplate" id="11" parent="WorldMapButton"/>
	<Button name="VIPTeleport_MapPoint12" inherits="MapPointTemplate" id="12" parent="WorldMapButton"/>
	<Button name="VIPTeleport_MapPoint13" inherits="MapPointTemplate" id="13" parent="WorldMapButton"/>
	<Button name="VIPTeleport_MapPoint14" inherits="MapPointTemplate" id="14" parent="WorldMapButton"/>
	<Button name="VIPTeleport_MapPoint15" inherits="MapPointTemplate" id="15" parent="WorldMapButton"/>
	<Button name="VIPTeleport_MapPoint16" inherits="MapPointTemplate" id="16" parent="WorldMapButton"/>
	<Button name="VIPTeleport_MapPoint17" inherits="MapPointTemplate" id="17" parent="WorldMapButton"/>
	<Button name="VIPTeleport_MapPoint18" inherits="MapPointTemplate" id="18" parent="WorldMapButton"/>
	<Button name="VIPTeleport_MapPoint19" inherits="MapPointTemplate" id="19" parent="WorldMapButton"/>
	<Button name="VIPTeleport_MapPoint20" inherits="MapPointTemplate" id="20" parent="WorldMapButton"/>
	<Button name="VIPTeleport_MapPoint21" inherits="MapPointTemplate" id="21" parent="WorldMapButton"/>
	<Button name="VIPTeleport_MapPoint22" inherits="MapPointTemplate" id="22" parent="WorldMapButton"/>
	<Button name="VIPTeleport_MapPoint23" inherits="MapPointTemplate" id="23" parent="WorldMapButton"/>
	<Button name="VIPTeleport_MapPoint24" inherits="MapPointTemplate" id="24" parent="WorldMapButton"/>
	<Button name="VIPTeleport_MapPoint25" inherits="MapPointTemplate" id="25" parent="WorldMapButton"/>
	<Button name="VIPTeleport_MapPoint26" inherits="MapPointTemplate" id="26" parent="WorldMapButton"/>
	<Button name="VIPTeleport_MapPoint27" inherits="MapPointTemplate" id="27" parent="WorldMapButton"/>
	<Button name="VIPTeleport_MapPoint28" inherits="MapPointTemplate" id="28" parent="WorldMapButton"/>
	<Button name="VIPTeleport_MapPoint29" inherits="MapPointTemplate" id="29" parent="WorldMapButton"/>
	<Button name="VIPTeleport_MapPoint30" inherits="MapPointTemplate" id="30" parent="WorldMapButton"/>
	<Button name="VIPTeleport_MapPoint31" inherits="MapPointTemplate" id="31" parent="WorldMapButton"/>
	<Button name="VIPTeleport_MapPoint32" inherits="MapPointTemplate" id="32" parent="WorldMapButton"/>
	<Button name="VIPTeleport_MapPoint33" inherits="MapPointTemplate" id="33" parent="WorldMapButton"/>
	<Button name="VIPTeleport_MapPoint34" inherits="MapPointTemplate" id="34" parent="WorldMapButton"/>
	<Button name="VIPTeleport_MapPoint35" inherits="MapPointTemplate" id="35" parent="WorldMapButton"/>
	<Button name="VIPTeleport_MapPoint36" inherits="MapPointTemplate" id="36" parent="WorldMapButton"/>
	<Button name="VIPTeleport_MapPoint37" inherits="MapPointTemplate" id="37" parent="WorldMapButton"/>
	<Button name="VIPTeleport_MapPoint38" inherits="MapPointTemplate" id="38" parent="WorldMapButton"/>
	<Button name="VIPTeleport_MapPoint39" inherits="MapPointTemplate" id="39" parent="WorldMapButton"/>
	<Button name="VIPTeleport_MapPoint40" inherits="MapPointTemplate" id="40" parent="WorldMapButton"/>
	<Button name="VIPTeleport_MapPoint41" inherits="MapPointTemplate" id="41" parent="WorldMapButton"/>
	<Button name="VIPTeleport_MapPoint42" inherits="MapPointTemplate" id="42" parent="WorldMapButton"/>
	<Button name="VIPTeleport_MapPoint43" inherits="MapPointTemplate" id="43" parent="WorldMapButton"/>
	<Button name="VIPTeleport_MapPoint44" inherits="MapPointTemplate" id="44" parent="WorldMapButton"/>
	<Button name="VIPTeleport_MapPoint45" inherits="MapPointTemplate" id="45" parent="WorldMapButton"/>
	<Button name="VIPTeleport_MapPoint46" inherits="MapPointTemplate" id="46" parent="WorldMapButton"/>
	<Button name="VIPTeleport_MapPoint47" inherits="MapPointTemplate" id="47" parent="WorldMapButton"/>
	<Button name="VIPTeleport_MapPoint48" inherits="MapPointTemplate" id="48" parent="WorldMapButton"/>
	<Button name="VIPTeleport_MapPoint49" inherits="MapPointTemplate" id="49" parent="WorldMapButton"/>
	<Button name="VIPTeleport_MapPoint50" inherits="MapPointTemplate" id="50" parent="WorldMapButton"/>
	<Button name="VIPTeleport_MapPoint51" inherits="MapPointTemplate" id="51" parent="WorldMapButton"/>
	<Button name="VIPTeleport_MapPoint52" inherits="MapPointTemplate" id="52" parent="WorldMapButton"/>
	<Button name="VIPTeleport_MapPoint53" inherits="MapPointTemplate" id="53" parent="WorldMapButton"/>
	<Button name="VIPTeleport_MapPoint54" inherits="MapPointTemplate" id="54" parent="WorldMapButton"/>
	<Button name="VIPTeleport_MapPoint55" inherits="MapPointTemplate" id="55" parent="WorldMapButton"/>
	<Button name="VIPTeleport_MapPoint56" inherits="MapPointTemplate" id="56" parent="WorldMapButton"/>
	<Button name="VIPTeleport_MapPoint57" inherits="MapPointTemplate" id="57" parent="WorldMapButton"/>
	<Button name="VIPTeleport_MapPoint58" inherits="MapPointTemplate" id="58" parent="WorldMapButton"/>
	<Button name="VIPTeleport_MapPoint59" inherits="MapPointTemplate" id="59" parent="WorldMapButton"/>
	<Button name="VIPTeleport_MapPoint60" inherits="MapPointTemplate" id="60" parent="WorldMapButton"/>
	<Button name="VIPTeleport_MapPoint61" inherits="MapPointTemplate" id="61" parent="WorldMapButton"/>
	<Button name="VIPTeleport_MapPoint62" inherits="MapPointTemplate" id="62" parent="WorldMapButton"/>
	<Button name="VIPTeleport_MapPoint63" inherits="MapPointTemplate" id="63" parent="WorldMapButton"/>
	<Button name="VIPTeleport_MapPoint64" inherits="MapPointTemplate" id="64" parent="WorldMapButton"/>
	<Button name="VIPTeleport_MapPoint65" inherits="MapPointTemplate" id="65" parent="WorldMapButton"/>
	<Button name="VIPTeleport_MapPoint66" inherits="MapPointTemplate" id="66" parent="WorldMapButton"/>
	<Button name="VIPTeleport_MapPoint67" inherits="MapPointTemplate" id="67" parent="WorldMapButton"/>
	<Button name="VIPTeleport_MapPoint68" inherits="MapPointTemplate" id="68" parent="WorldMapButton"/>
	<Button name="VIPTeleport_MapPoint69" inherits="MapPointTemplate" id="69" parent="WorldMapButton"/>
	<Button name="VIPTeleport_MapPoint70" inherits="MapPointTemplate" id="70" parent="WorldMapButton"/>
	<Button name="VIPTeleport_MapPoint71" inherits="MapPointTemplate" id="71" parent="WorldMapButton"/>
	<Button name="VIPTeleport_MapPoint72" inherits="MapPointTemplate" id="72" parent="WorldMapButton"/>
	<Button name="VIPTeleport_MapPoint73" inherits="MapPointTemplate" id="73" parent="WorldMapButton"/>
	<Button name="VIPTeleport_MapPoint74" inherits="MapPointTemplate" id="74" parent="WorldMapButton"/>
	<Button name="VIPTeleport_MapPoint75" inherits="MapPointTemplate" id="75" parent="WorldMapButton"/>
	<Button name="VIPTeleport_MapPoint76" inherits="MapPointTemplate" id="76" parent="WorldMapButton"/>
	<Button name="VIPTeleport_MapPoint77" inherits="MapPointTemplate" id="77" parent="WorldMapButton"/>
	<Button name="VIPTeleport_MapPoint78" inherits="MapPointTemplate" id="78" parent="WorldMapButton"/>
	<Button name="VIPTeleport_MapPoint79" inherits="MapPointTemplate" id="79" parent="WorldMapButton"/>
	<Button name="VIPTeleport_MapPoint80" inherits="MapPointTemplate" id="80" parent="WorldMapButton"/>
	<Button name="VIPTeleport_MapPoint81" inherits="MapPointTemplate" id="81" parent="WorldMapButton"/>
	<Button name="VIPTeleport_MapPoint82" inherits="MapPointTemplate" id="82" parent="WorldMapButton"/>
	<Button name="VIPTeleport_MapPoint83" inherits="MapPointTemplate" id="83" parent="WorldMapButton"/>
	<Button name="VIPTeleport_MapPoint84" inherits="MapPointTemplate" id="84" parent="WorldMapButton"/>
	<Button name="VIPTeleport_MapPoint85" inherits="MapPointTemplate" id="85" parent="WorldMapButton"/>
	<Button name="VIPTeleport_MapPoint86" inherits="MapPointTemplate" id="86" parent="WorldMapButton"/>
	<Button name="VIPTeleport_MapPoint87" inherits="MapPointTemplate" id="87" parent="WorldMapButton"/>
	<Button name="VIPTeleport_MapPoint88" inherits="MapPointTemplate" id="88" parent="WorldMapButton"/>
	<Button name="VIPTeleport_MapPoint89" inherits="MapPointTemplate" id="89" parent="WorldMapButton"/>
	<Button name="VIPTeleport_MapPoint90" inherits="MapPointTemplate" id="90" parent="WorldMapButton"/>
	<Button name="VIPTeleport_MapPoint91" inherits="MapPointTemplate" id="91" parent="WorldMapButton"/>
	<Button name="VIPTeleport_MapPoint92" inherits="MapPointTemplate" id="92" parent="WorldMapButton"/>
	<Button name="VIPTeleport_MapPoint93" inherits="MapPointTemplate" id="93" parent="WorldMapButton"/>
	<Button name="VIPTeleport_MapPoint94" inherits="MapPointTemplate" id="94" parent="WorldMapButton"/>
	<Button name="VIPTeleport_MapPoint95" inherits="MapPointTemplate" id="95" parent="WorldMapButton"/>
	<Button name="VIPTeleport_MapPoint96" inherits="MapPointTemplate" id="96" parent="WorldMapButton"/>
	<Button name="VIPTeleport_MapPoint97" inherits="MapPointTemplate" id="97" parent="WorldMapButton"/>
	<Button name="VIPTeleport_MapPoint98" inherits="MapPointTemplate" id="98" parent="WorldMapButton"/>
	<Button name="VIPTeleport_MapPoint99" inherits="MapPointTemplate" id="99" parent="WorldMapButton"/>
	<Button name="VIPTeleport_MapPoint100" inherits="MapPointTemplate" id="100" parent="WorldMapButton"/>
	<Button name="VIPTeleport_MapPoint101" inherits="MapPointTemplate" id="101" parent="WorldMapButton"/>
	<Button name="VIPTeleport_MapPoint102" inherits="MapPointTemplate" id="102" parent="WorldMapButton"/>
	<Button name="VIPTeleport_MapPoint103" inherits="MapPointTemplate" id="103" parent="WorldMapButton"/>
	<Button name="VIPTeleport_MapPoint104" inherits="MapPointTemplate" id="104" parent="WorldMapButton"/>
	<Button name="VIPTeleport_MapPoint105" inherits="MapPointTemplate" id="105" parent="WorldMapButton"/>
	<Button name="VIPTeleport_MapPoint106" inherits="MapPointTemplate" id="106" parent="WorldMapButton"/>
	<Button name="VIPTeleport_MapPoint107" inherits="MapPointTemplate" id="107" parent="WorldMapButton"/>
	<Button name="VIPTeleport_MapPoint108" inherits="MapPointTemplate" id="108" parent="WorldMapButton"/>
	<Button name="VIPTeleport_MapPoint109" inherits="MapPointTemplate" id="109" parent="WorldMapButton"/>
	<Button name="VIPTeleport_MapPoint110" inherits="MapPointTemplate" id="110" parent="WorldMapButton"/>
	<Button name="VIPTeleport_MapPoint111" inherits="MapPointTemplate" id="111" parent="WorldMapButton"/>
	<Button name="VIPTeleport_MapPoint112" inherits="MapPointTemplate" id="112" parent="WorldMapButton"/>
	<Button name="VIPTeleport_MapPoint113" inherits="MapPointTemplate" id="113" parent="WorldMapButton"/>
	<Button name="VIPTeleport_MapPoint114" inherits="MapPointTemplate" id="114" parent="WorldMapButton"/>
	<Button name="VIPTeleport_MapPoint115" inherits="MapPointTemplate" id="115" parent="WorldMapButton"/>
	<Button name="VIPTeleport_MapPoint116" inherits="MapPointTemplate" id="116" parent="WorldMapButton"/>
	<Button name="VIPTeleport_MapPoint117" inherits="MapPointTemplate" id="117" parent="WorldMapButton"/>
	<Button name="VIPTeleport_MapPoint118" inherits="MapPointTemplate" id="118" parent="WorldMapButton"/>
	<Button name="VIPTeleport_MapPoint119" inherits="MapPointTemplate" id="119" parent="WorldMapButton"/>
	<Button name="VIPTeleport_MapPoint120" inherits="MapPointTemplate" id="120" parent="WorldMapButton"/>
	<Button name="VIPTeleport_MapPoint121" inherits="MapPointTemplate" id="121" parent="WorldMapButton"/>
	<Button name="VIPTeleport_MapPoint122" inherits="MapPointTemplate" id="122" parent="WorldMapButton"/>
	<Button name="VIPTeleport_MapPoint123" inherits="MapPointTemplate" id="123" parent="WorldMapButton"/>
	<Button name="VIPTeleport_MapPoint124" inherits="MapPointTemplate" id="124" parent="WorldMapButton"/>
	<Button name="VIPTeleport_MapPoint125" inherits="MapPointTemplate" id="125" parent="WorldMapButton"/>
	<Button name="VIPTeleport_MapPoint126" inherits="MapPointTemplate" id="126" parent="WorldMapButton"/>
	<Button name="VIPTeleport_MapPoint127" inherits="MapPointTemplate" id="127" parent="WorldMapButton"/>
	<Button name="VIPTeleport_MapPoint128" inherits="MapPointTemplate" id="128" parent="WorldMapButton"/>
	<Button name="VIPTeleport_MapPoint129" inherits="MapPointTemplate" id="129" parent="WorldMapButton"/>
	<Button name="VIPTeleport_MapPoint130" inherits="MapPointTemplate" id="130" parent="WorldMapButton"/>
	<Button name="VIPTeleport_MapPoint131" inherits="MapPointTemplate" id="131" parent="WorldMapButton"/>
	<Button name="VIPTeleport_MapPoint132" inherits="MapPointTemplate" id="132" parent="WorldMapButton"/>
	<Button name="VIPTeleport_MapPoint133" inherits="MapPointTemplate" id="133" parent="WorldMapButton"/>
	<Button name="VIPTeleport_MapPoint134" inherits="MapPointTemplate" id="134" parent="WorldMapButton"/>
	<Button name="VIPTeleport_MapPoint135" inherits="MapPointTemplate" id="135" parent="WorldMapButton"/>
	<Button name="VIPTeleport_MapPoint136" inherits="MapPointTemplate" id="136" parent="WorldMapButton"/>
	<Button name="VIPTeleport_MapPoint137" inherits="MapPointTemplate" id="137" parent="WorldMapButton"/>
	<Button name="VIPTeleport_MapPoint138" inherits="MapPointTemplate" id="138" parent="WorldMapButton"/>
	<Button name="VIPTeleport_MapPoint139" inherits="MapPointTemplate" id="139" parent="WorldMapButton"/>
	<Button name="VIPTeleport_MapPoint140" inherits="MapPointTemplate" id="140" parent="WorldMapButton"/>
	<Button name="VIPTeleport_MapPoint141" inherits="MapPointTemplate" id="141" parent="WorldMapButton"/>
	<Button name="VIPTeleport_MapPoint142" inherits="MapPointTemplate" id="142" parent="WorldMapButton"/>
	<Button name="VIPTeleport_MapPoint143" inherits="MapPointTemplate" id="143" parent="WorldMapButton"/>
	<Button name="VIPTeleport_MapPoint144" inherits="MapPointTemplate" id="144" parent="WorldMapButton"/>
	<Button name="VIPTeleport_MapPoint145" inherits="MapPointTemplate" id="145" parent="WorldMapButton"/>
	<Button name="VIPTeleport_MapPoint146" inherits="MapPointTemplate" id="146" parent="WorldMapButton"/>
	<Button name="VIPTeleport_MapPoint147" inherits="MapPointTemplate" id="147" parent="WorldMapButton"/>
	<Button name="VIPTeleport_MapPoint148" inherits="MapPointTemplate" id="148" parent="WorldMapButton"/>
	<Button name="VIPTeleport_MapPoint149" inherits="MapPointTemplate" id="149" parent="WorldMapButton"/>
	<Button name="VIPTeleport_MapPoint150" inherits="MapPointTemplate" id="150" parent="WorldMapButton"/>
	<Button name="VIPTeleport_MapPoint151" inherits="MapPointTemplate" id="151" parent="WorldMapButton"/>
	<Button name="VIPTeleport_MapPoint152" inherits="MapPointTemplate" id="152" parent="WorldMapButton"/>
	<Button name="VIPTeleport_MapPoint153" inherits="MapPointTemplate" id="153" parent="WorldMapButton"/>
	<Button name="VIPTeleport_MapPoint154" inherits="MapPointTemplate" id="154" parent="WorldMapButton"/>
	<Button name="VIPTeleport_MapPoint155" inherits="MapPointTemplate" id="155" parent="WorldMapButton"/>
	<Button name="VIPTeleport_MapPoint156" inherits="MapPointTemplate" id="156" parent="WorldMapButton"/>
	<Button name="VIPTeleport_MapPoint157" inherits="MapPointTemplate" id="157" parent="WorldMapButton"/>
	<Button name="VIPTeleport_MapPoint158" inherits="MapPointTemplate" id="158" parent="WorldMapButton"/>
	<Button name="VIPTeleport_MapPoint159" inherits="MapPointTemplate" id="159" parent="WorldMapButton"/>
	<Button name="VIPTeleport_MapPoint160" inherits="MapPointTemplate" id="160" parent="WorldMapButton"/>
	<Button name="VIPTeleport_MapPoint161" inherits="MapPointTemplate" id="161" parent="WorldMapButton"/>
	<Button name="VIPTeleport_MapPoint162" inherits="MapPointTemplate" id="162" parent="WorldMapButton"/>
	<Button name="VIPTeleport_MapPoint163" inherits="MapPointTemplate" id="163" parent="WorldMapButton"/>
	<Button name="VIPTeleport_MapPoint164" inherits="MapPointTemplate" id="164" parent="WorldMapButton"/>
	<Button name="VIPTeleport_MapPoint165" inherits="MapPointTemplate" id="165" parent="WorldMapButton"/>
	<Button name="VIPTeleport_MapPoint166" inherits="MapPointTemplate" id="166" parent="WorldMapButton"/>
	<Button name="VIPTeleport_MapPoint167" inherits="MapPointTemplate" id="167" parent="WorldMapButton"/>
	<Button name="VIPTeleport_MapPoint168" inherits="MapPointTemplate" id="168" parent="WorldMapButton"/>
	<Button name="VIPTeleport_MapPoint169" inherits="MapPointTemplate" id="169" parent="WorldMapButton"/>
	<Button name="VIPTeleport_MapPoint170" inherits="MapPointTemplate" id="170" parent="WorldMapButton"/>
	<Button name="VIPTeleport_MapPoint171" inherits="MapPointTemplate" id="171" parent="WorldMapButton"/>
	<Button name="VIPTeleport_MapPoint172" inherits="MapPointTemplate" id="172" parent="WorldMapButton"/>
	<Button name="VIPTeleport_MapPoint173" inherits="MapPointTemplate" id="173" parent="WorldMapButton"/>
	<Button name="VIPTeleport_MapPoint174" inherits="MapPointTemplate" id="174" parent="WorldMapButton"/>
	<Button name="VIPTeleport_MapPoint175" inherits="MapPointTemplate" id="175" parent="WorldMapButton"/>
	<Button name="VIPTeleport_MapPoint176" inherits="MapPointTemplate" id="176" parent="WorldMapButton"/>
	<Button name="VIPTeleport_MapPoint177" inherits="MapPointTemplate" id="177" parent="WorldMapButton"/>
	<Button name="VIPTeleport_MapPoint178" inherits="MapPointTemplate" id="178" parent="WorldMapButton"/>
	<Button name="VIPTeleport_MapPoint179" inherits="MapPointTemplate" id="179" parent="WorldMapButton"/>
	<Button name="VIPTeleport_MapPoint180" inherits="MapPointTemplate" id="180" parent="WorldMapButton"/>
	<Button name="VIPTeleport_MapPoint181" inherits="MapPointTemplate" id="181" parent="WorldMapButton"/>
	<Button name="VIPTeleport_MapPoint182" inherits="MapPointTemplate" id="182" parent="WorldMapButton"/>
	<Button name="VIPTeleport_MapPoint183" inherits="MapPointTemplate" id="183" parent="WorldMapButton"/>
	<Button name="VIPTeleport_MapPoint184" inherits="MapPointTemplate" id="184" parent="WorldMapButton"/>
	<Button name="VIPTeleport_MapPoint185" inherits="MapPointTemplate" id="185" parent="WorldMapButton"/>
	<Button name="VIPTeleport_MapPoint186" inherits="MapPointTemplate" id="186" parent="WorldMapButton"/>
	<Button name="VIPTeleport_MapPoint187" inherits="MapPointTemplate" id="187" parent="WorldMapButton"/>
	<Button name="VIPTeleport_MapPoint188" inherits="MapPointTemplate" id="188" parent="WorldMapButton"/>
	<Button name="VIPTeleport_MapPoint189" inherits="MapPointTemplate" id="189" parent="WorldMapButton"/>
	<Button name="VIPTeleport_MapPoint190" inherits="MapPointTemplate" id="190" parent="WorldMapButton"/>
	<Button name="VIPTeleport_MapPoint191" inherits="MapPointTemplate" id="191" parent="WorldMapButton"/>
	<Button name="VIPTeleport_MapPoint192" inherits="MapPointTemplate" id="192" parent="WorldMapButton"/>
	<Button name="VIPTeleport_MapPoint193" inherits="MapPointTemplate" id="193" parent="WorldMapButton"/>
	<Button name="VIPTeleport_MapPoint194" inherits="MapPointTemplate" id="194" parent="WorldMapButton"/>
	<Button name="VIPTeleport_MapPoint195" inherits="MapPointTemplate" id="195" parent="WorldMapButton"/>
	<Button name="VIPTeleport_MapPoint196" inherits="MapPointTemplate" id="196" parent="WorldMapButton"/>
	<Button name="VIPTeleport_MapPoint197" inherits="MapPointTemplate" id="197" parent="WorldMapButton"/>
	<Button name="VIPTeleport_MapPoint198" inherits="MapPointTemplate" id="198" parent="WorldMapButton"/>
	<Button name="VIPTeleport_MapPoint199" inherits="MapPointTemplate" id="199" parent="WorldMapButton"/>
	<Button name="VIPTeleport_MapPoint200" inherits="MapPointTemplate" id="200" parent="WorldMapButton"/>
	<Button name="VIPTeleport_MapPoint201" inherits="MapPointTemplate" id="201" parent="WorldMapButton"/>
	<Button name="VIPTeleport_MapPoint202" inherits="MapPointTemplate" id="202" parent="WorldMapButton"/>
	<Button name="VIPTeleport_MapPoint203" inherits="MapPointTemplate" id="203" parent="WorldMapButton"/>
	<Button name="VIPTeleport_MapPoint204" inherits="MapPointTemplate" id="204" parent="WorldMapButton"/>
	<Button name="VIPTeleport_MapPoint205" inherits="MapPointTemplate" id="205" parent="WorldMapButton"/>
	<Button name="VIPTeleport_MapPoint206" inherits="MapPointTemplate" id="206" parent="WorldMapButton"/>
	<Button name="VIPTeleport_MapPoint207" inherits="MapPointTemplate" id="207" parent="WorldMapButton"/>
	<Button name="VIPTeleport_MapPoint208" inherits="MapPointTemplate" id="208" parent="WorldMapButton"/>
	<Button name="VIPTeleport_MapPoint209" inherits="MapPointTemplate" id="209" parent="WorldMapButton"/>
	<Button name="VIPTeleport_MapPoint210" inherits="MapPointTemplate" id="210" parent="WorldMapButton"/>
	<Button name="VIPTeleport_MapPoint211" inherits="MapPointTemplate" id="211" parent="WorldMapButton"/>
	<Button name="VIPTeleport_MapPoint212" inherits="MapPointTemplate" id="212" parent="WorldMapButton"/>
	<Button name="VIPTeleport_MapPoint213" inherits="MapPointTemplate" id="213" parent="WorldMapButton"/>
	<Button name="VIPTeleport_MapPoint214" inherits="MapPointTemplate" id="214" parent="WorldMapButton"/>
	<Button name="VIPTeleport_MapPoint215" inherits="MapPointTemplate" id="215" parent="WorldMapButton"/>
	<Button name="VIPTeleport_MapPoint216" inherits="MapPointTemplate" id="216" parent="WorldMapButton"/>
	<Button name="VIPTeleport_MapPoint217" inherits="MapPointTemplate" id="217" parent="WorldMapButton"/>
	<Button name="VIPTeleport_MapPoint218" inherits="MapPointTemplate" id="218" parent="WorldMapButton"/>
	<Button name="VIPTeleport_MapPoint219" inherits="MapPointTemplate" id="219" parent="WorldMapButton"/>
	<Button name="VIPTeleport_MapPoint220" inherits="MapPointTemplate" id="220" parent="WorldMapButton"/>
	<Button name="VIPTeleport_MapPoint221" inherits="MapPointTemplate" id="221" parent="WorldMapButton"/>
	<Button name="VIPTeleport_MapPoint222" inherits="MapPointTemplate" id="222" parent="WorldMapButton"/>
	<Button name="VIPTeleport_MapPoint223" inherits="MapPointTemplate" id="223" parent="WorldMapButton"/>
	<Button name="VIPTeleport_MapPoint224" inherits="MapPointTemplate" id="224" parent="WorldMapButton"/>
	<Button name="VIPTeleport_MapPoint225" inherits="MapPointTemplate" id="225" parent="WorldMapButton"/>
	<Button name="VIPTeleport_MapPoint226" inherits="MapPointTemplate" id="226" parent="WorldMapButton"/>
	<Button name="VIPTeleport_MapPoint227" inherits="MapPointTemplate" id="227" parent="WorldMapButton"/>
	<Button name="VIPTeleport_MapPoint228" inherits="MapPointTemplate" id="228" parent="WorldMapButton"/>
	<Button name="VIPTeleport_MapPoint229" inherits="MapPointTemplate" id="229" parent="WorldMapButton"/>
	<Button name="VIPTeleport_MapPoint230" inherits="MapPointTemplate" id="230" parent="WorldMapButton"/>
	<Button name="VIPTeleport_MapPoint231" inherits="MapPointTemplate" id="231" parent="WorldMapButton"/>
	<Button name="VIPTeleport_MapPoint232" inherits="MapPointTemplate" id="232" parent="WorldMapButton"/>
	<Button name="VIPTeleport_MapPoint233" inherits="MapPointTemplate" id="233" parent="WorldMapButton"/>
	<Button name="VIPTeleport_MapPoint234" inherits="MapPointTemplate" id="234" parent="WorldMapButton"/>
	<Button name="VIPTeleport_MapPoint235" inherits="MapPointTemplate" id="235" parent="WorldMapButton"/>
	<Button name="VIPTeleport_MapPoint236" inherits="MapPointTemplate" id="236" parent="WorldMapButton"/>
	<Button name="VIPTeleport_MapPoint237" inherits="MapPointTemplate" id="237" parent="WorldMapButton"/>
	<Button name="VIPTeleport_MapPoint238" inherits="MapPointTemplate" id="238" parent="WorldMapButton"/>
	<Button name="VIPTeleport_MapPoint239" inherits="MapPointTemplate" id="239" parent="WorldMapButton"/>
	<Button name="VIPTeleport_MapPoint240" inherits="MapPointTemplate" id="240" parent="WorldMapButton"/>
	<Button name="VIPTeleport_MapPoint241" inherits="MapPointTemplate" id="241" parent="WorldMapButton"/>
	<Button name="VIPTeleport_MapPoint242" inherits="MapPointTemplate" id="242" parent="WorldMapButton"/>
	<Button name="VIPTeleport_MapPoint243" inherits="MapPointTemplate" id="243" parent="WorldMapButton"/>
	<Button name="VIPTeleport_MapPoint244" inherits="MapPointTemplate" id="244" parent="WorldMapButton"/>
	<Button name="VIPTeleport_MapPoint245" inherits="MapPointTemplate" id="245" parent="WorldMapButton"/>
	<Button name="VIPTeleport_MapPoint246" inherits="MapPointTemplate" id="246" parent="WorldMapButton"/>
	<Button name="VIPTeleport_MapPoint247" inherits="MapPointTemplate" id="247" parent="WorldMapButton"/>
	<Button name="VIPTeleport_MapPoint248" inherits="MapPointTemplate" id="248" parent="WorldMapButton"/>
	<Button name="VIPTeleport_MapPoint249" inherits="MapPointTemplate" id="249" parent="WorldMapButton"/>
	<Button name="VIPTeleport_MapPoint250" inherits="MapPointTemplate" id="250" parent="WorldMapButton"/>
	<Button name="VIPTeleport_MapPoint251" inherits="MapPointTemplate" id="251" parent="WorldMapButton"/>
	<Button name="VIPTeleport_MapPoint252" inherits="MapPointTemplate" id="252" parent="WorldMapButton"/>
	<Button name="VIPTeleport_MapPoint253" inherits="MapPointTemplate" id="253" parent="WorldMapButton"/>
	<Button name="VIPTeleport_MapPoint254" inherits="MapPointTemplate" id="254" parent="WorldMapButton"/>
	<Button name="VIPTeleport_MapPoint255" inherits="MapPointTemplate" id="255" parent="WorldMapButton"/>
	<Button name="VIPTeleport_MapPoint256" inherits="MapPointTemplate" id="256" parent="WorldMapButton"/>
	<Button name="VIPTeleport_MapPoint257" inherits="MapPointTemplate" id="257" parent="WorldMapButton"/>
	<Button name="VIPTeleport_MapPoint258" inherits="MapPointTemplate" id="258" parent="WorldMapButton"/>
	<Button name="VIPTeleport_MapPoint259" inherits="MapPointTemplate" id="259" parent="WorldMapButton"/>
	<Button name="VIPTeleport_MapPoint260" inherits="MapPointTemplate" id="260" parent="WorldMapButton"/>
	<Button name="VIPTeleport_MapPoint261" inherits="MapPointTemplate" id="261" parent="WorldMapButton"/>
	<Button name="VIPTeleport_MapPoint262" inherits="MapPointTemplate" id="262" parent="WorldMapButton"/>
	<Button name="VIPTeleport_MapPoint263" inherits="MapPointTemplate" id="263" parent="WorldMapButton"/>
	<Button name="VIPTeleport_MapPoint264" inherits="MapPointTemplate" id="264" parent="WorldMapButton"/>
	<Button name="VIPTeleport_MapPoint265" inherits="MapPointTemplate" id="265" parent="WorldMapButton"/>
	<Button name="VIPTeleport_MapPoint266" inherits="MapPointTemplate" id="266" parent="WorldMapButton"/>
	<Button name="VIPTeleport_MapPoint267" inherits="MapPointTemplate" id="267" parent="WorldMapButton"/>
	<Button name="VIPTeleport_MapPoint268" inherits="MapPointTemplate" id="268" parent="WorldMapButton"/>
	<Button name="VIPTeleport_MapPoint269" inherits="MapPointTemplate" id="269" parent="WorldMapButton"/>
	<Button name="VIPTeleport_MapPoint270" inherits="MapPointTemplate" id="270" parent="WorldMapButton"/>
	<Button name="VIPTeleport_MapPoint271" inherits="MapPointTemplate" id="271" parent="WorldMapButton"/>
	<Button name="VIPTeleport_MapPoint272" inherits="MapPointTemplate" id="272" parent="WorldMapButton"/>
	<Button name="VIPTeleport_MapPoint273" inherits="MapPointTemplate" id="273" parent="WorldMapButton"/>
	<Button name="VIPTeleport_MapPoint274" inherits="MapPointTemplate" id="274" parent="WorldMapButton"/>
	<Button name="VIPTeleport_MapPoint275" inherits="MapPointTemplate" id="275" parent="WorldMapButton"/>
	<Button name="VIPTeleport_MapPoint276" inherits="MapPointTemplate" id="276" parent="WorldMapButton"/>
	<Button name="VIPTeleport_MapPoint277" inherits="MapPointTemplate" id="277" parent="WorldMapButton"/>
	<Button name="VIPTeleport_MapPoint278" inherits="MapPointTemplate" id="278" parent="WorldMapButton"/>
	<Button name="VIPTeleport_MapPoint279" inherits="MapPointTemplate" id="279" parent="WorldMapButton"/>
	<Button name="VIPTeleport_MapPoint280" inherits="MapPointTemplate" id="280" parent="WorldMapButton"/>
	<Button name="VIPTeleport_MapPoint281" inherits="MapPointTemplate" id="281" parent="WorldMapButton"/>
	<Button name="VIPTeleport_MapPoint282" inherits="MapPointTemplate" id="282" parent="WorldMapButton"/>
	<Button name="VIPTeleport_MapPoint283" inherits="MapPointTemplate" id="283" parent="WorldMapButton"/>
	<Button name="VIPTeleport_MapPoint284" inherits="MapPointTemplate" id="284" parent="WorldMapButton"/>
	<Button name="VIPTeleport_MapPoint285" inherits="MapPointTemplate" id="285" parent="WorldMapButton"/>
	<Button name="VIPTeleport_MapPoint286" inherits="MapPointTemplate" id="286" parent="WorldMapButton"/>
	<Button name="VIPTeleport_MapPoint287" inherits="MapPointTemplate" id="287" parent="WorldMapButton"/>
	<Button name="VIPTeleport_MapPoint288" inherits="MapPointTemplate" id="288" parent="WorldMapButton"/>
	<Button name="VIPTeleport_MapPoint289" inherits="MapPointTemplate" id="289" parent="WorldMapButton"/>
	<Button name="VIPTeleport_MapPoint290" inherits="MapPointTemplate" id="290" parent="WorldMapButton"/>
	<Button name="VIPTeleport_MapPoint291" inherits="MapPointTemplate" id="291" parent="WorldMapButton"/>
	<Button name="VIPTeleport_MapPoint292" inherits="MapPointTemplate" id="292" parent="WorldMapButton"/>
	<Button name="VIPTeleport_MapPoint293" inherits="MapPointTemplate" id="293" parent="WorldMapButton"/>
	<Button name="VIPTeleport_MapPoint294" inherits="MapPointTemplate" id="294" parent="WorldMapButton"/>
	<Button name="VIPTeleport_MapPoint295" inherits="MapPointTemplate" id="295" parent="WorldMapButton"/>
	<Button name="VIPTeleport_MapPoint296" inherits="MapPointTemplate" id="296" parent="WorldMapButton"/>
	<Button name="VIPTeleport_MapPoint297" inherits="MapPointTemplate" id="297" parent="WorldMapButton"/>
	<Button name="VIPTeleport_MapPoint298" inherits="MapPointTemplate" id="298" parent="WorldMapButton"/>
	<Button name="VIPTeleport_MapPoint299" inherits="MapPointTemplate" id="299" parent="WorldMapButton"/>
	<Button name="VIPTeleport_MapPoint300" inherits="MapPointTemplate" id="300" parent="WorldMapButton"/>
	<Button name="VIPTeleport_MapPoint301" inherits="MapPointTemplate" id="301" parent="WorldMapButton"/>
	<Button name="VIPTeleport_MapPoint302" inherits="MapPointTemplate" id="302" parent="WorldMapButton"/>
	<Button name="VIPTeleport_MapPoint303" inherits="MapPointTemplate" id="303" parent="WorldMapButton"/>
	<Button name="VIPTeleport_MapPoint304" inherits="MapPointTemplate" id="304" parent="WorldMapButton"/>
	<Button name="VIPTeleport_MapPoint305" inherits="MapPointTemplate" id="305" parent="WorldMapButton"/>
	<Button name="VIPTeleport_MapPoint306" inherits="MapPointTemplate" id="306" parent="WorldMapButton"/>
	<Button name="VIPTeleport_MapPoint307" inherits="MapPointTemplate" id="307" parent="WorldMapButton"/>
	<Button name="VIPTeleport_MapPoint308" inherits="MapPointTemplate" id="308" parent="WorldMapButton"/>
	<Button name="VIPTeleport_MapPoint309" inherits="MapPointTemplate" id="309" parent="WorldMapButton"/>
	<Button name="VIPTeleport_MapPoint310" inherits="MapPointTemplate" id="310" parent="WorldMapButton"/>
	<Button name="VIPTeleport_MapPoint311" inherits="MapPointTemplate" id="311" parent="WorldMapButton"/>
	<Button name="VIPTeleport_MapPoint312" inherits="MapPointTemplate" id="312" parent="WorldMapButton"/>
	<Button name="VIPTeleport_MapPoint313" inherits="MapPointTemplate" id="313" parent="WorldMapButton"/>
	<Button name="VIPTeleport_MapPoint314" inherits="MapPointTemplate" id="314" parent="WorldMapButton"/>
	<Button name="VIPTeleport_MapPoint315" inherits="MapPointTemplate" id="315" parent="WorldMapButton"/>
	<Button name="VIPTeleport_MapPoint316" inherits="MapPointTemplate" id="316" parent="WorldMapButton"/>
	<Button name="VIPTeleport_MapPoint317" inherits="MapPointTemplate" id="317" parent="WorldMapButton"/>
	<Button name="VIPTeleport_MapPoint318" inherits="MapPointTemplate" id="318" parent="WorldMapButton"/>
	<Button name="VIPTeleport_MapPoint319" inherits="MapPointTemplate" id="319" parent="WorldMapButton"/>
	<Button name="VIPTeleport_MapPoint320" inherits="MapPointTemplate" id="320" parent="WorldMapButton"/>
	<Button name="VIPTeleport_MapPoint321" inherits="MapPointTemplate" id="321" parent="WorldMapButton"/>
	<Button name="VIPTeleport_MapPoint322" inherits="MapPointTemplate" id="322" parent="WorldMapButton"/>
	<Button name="VIPTeleport_MapPoint323" inherits="MapPointTemplate" id="323" parent="WorldMapButton"/>
	<Button name="VIPTeleport_MapPoint324" inherits="MapPointTemplate" id="324" parent="WorldMapButton"/>
	<Button name="VIPTeleport_MapPoint325" inherits="MapPointTemplate" id="325" parent="WorldMapButton"/>
	<Button name="VIPTeleport_MapPoint326" inherits="MapPointTemplate" id="326" parent="WorldMapButton"/>
	<Button name="VIPTeleport_MapPoint327" inherits="MapPointTemplate" id="327" parent="WorldMapButton"/>
	<Button name="VIPTeleport_MapPoint328" inherits="MapPointTemplate" id="328" parent="WorldMapButton"/>
	<Button name="VIPTeleport_MapPoint329" inherits="MapPointTemplate" id="329" parent="WorldMapButton"/>
	<Button name="VIPTeleport_MapPoint330" inherits="MapPointTemplate" id="330" parent="WorldMapButton"/>
	<Button name="VIPTeleport_MapPoint331" inherits="MapPointTemplate" id="331" parent="WorldMapButton"/>
	<Button name="VIPTeleport_MapPoint332" inherits="MapPointTemplate" id="332" parent="WorldMapButton"/>
	<Button name="VIPTeleport_MapPoint333" inherits="MapPointTemplate" id="333" parent="WorldMapButton"/>
	<Button name="VIPTeleport_MapPoint334" inherits="MapPointTemplate" id="334" parent="WorldMapButton"/>
	<Button name="VIPTeleport_MapPoint335" inherits="MapPointTemplate" id="335" parent="WorldMapButton"/>
	<Button name="VIPTeleport_MapPoint336" inherits="MapPointTemplate" id="336" parent="WorldMapButton"/>
	<Button name="VIPTeleport_MapPoint337" inherits="MapPointTemplate" id="337" parent="WorldMapButton"/>
	<Button name="VIPTeleport_MapPoint338" inherits="MapPointTemplate" id="338" parent="WorldMapButton"/>
	<Button name="VIPTeleport_MapPoint339" inherits="MapPointTemplate" id="339" parent="WorldMapButton"/>
	<Button name="VIPTeleport_MapPoint340" inherits="MapPointTemplate" id="340" parent="WorldMapButton"/>
	<Button name="VIPTeleport_MapPoint341" inherits="MapPointTemplate" id="341" parent="WorldMapButton"/>
	<Button name="VIPTeleport_MapPoint342" inherits="MapPointTemplate" id="342" parent="WorldMapButton"/>
	<Button name="VIPTeleport_MapPoint343" inherits="MapPointTemplate" id="343" parent="WorldMapButton"/>
	<Button name="VIPTeleport_MapPoint344" inherits="MapPointTemplate" id="344" parent="WorldMapButton"/>
	<Button name="VIPTeleport_MapPoint345" inherits="MapPointTemplate" id="345" parent="WorldMapButton"/>
	<Button name="VIPTeleport_MapPoint346" inherits="MapPointTemplate" id="346" parent="WorldMapButton"/>
	<Button name="VIPTeleport_MapPoint347" inherits="MapPointTemplate" id="347" parent="WorldMapButton"/>
	<Button name="VIPTeleport_MapPoint348" inherits="MapPointTemplate" id="348" parent="WorldMapButton"/>
	<Button name="VIPTeleport_MapPoint349" inherits="MapPointTemplate" id="349" parent="WorldMapButton"/>
	<Button name="VIPTeleport_MapPoint350" inherits="MapPointTemplate" id="350" parent="WorldMapButton"/>
	<Button name="VIPTeleport_MapPoint351" inherits="MapPointTemplate" id="351" parent="WorldMapButton"/>
	<Button name="VIPTeleport_MapPoint352" inherits="MapPointTemplate" id="352" parent="WorldMapButton"/>
	<Button name="VIPTeleport_MapPoint353" inherits="MapPointTemplate" id="353" parent="WorldMapButton"/>
	<Button name="VIPTeleport_MapPoint354" inherits="MapPointTemplate" id="354" parent="WorldMapButton"/>
	<Button name="VIPTeleport_MapPoint355" inherits="MapPointTemplate" id="355" parent="WorldMapButton"/>
	<Button name="VIPTeleport_MapPoint356" inherits="MapPointTemplate" id="356" parent="WorldMapButton"/>
	<Button name="VIPTeleport_MapPoint357" inherits="MapPointTemplate" id="357" parent="WorldMapButton"/>
	<Button name="VIPTeleport_MapPoint358" inherits="MapPointTemplate" id="358" parent="WorldMapButton"/>
	<Button name="VIPTeleport_MapPoint359" inherits="MapPointTemplate" id="359" parent="WorldMapButton"/>
	<Button name="VIPTeleport_MapPoint360" inherits="MapPointTemplate" id="360" parent="WorldMapButton"/>
	<Button name="VIPTeleport_MapPoint361" inherits="MapPointTemplate" id="361" parent="WorldMapButton"/>
	<Button name="VIPTeleport_MapPoint362" inherits="MapPointTemplate" id="362" parent="WorldMapButton"/>
	<Button name="VIPTeleport_MapPoint363" inherits="MapPointTemplate" id="363" parent="WorldMapButton"/>
	<Button name="VIPTeleport_MapPoint364" inherits="MapPointTemplate" id="364" parent="WorldMapButton"/>
	<Button name="VIPTeleport_MapPoint365" inherits="MapPointTemplate" id="365" parent="WorldMapButton"/>
	<Button name="VIPTeleport_MapPoint366" inherits="MapPointTemplate" id="366" parent="WorldMapButton"/>
	<Button name="VIPTeleport_MapPoint367" inherits="MapPointTemplate" id="367" parent="WorldMapButton"/>
	<Button name="VIPTeleport_MapPoint368" inherits="MapPointTemplate" id="368" parent="WorldMapButton"/>
	<Button name="VIPTeleport_MapPoint369" inherits="MapPointTemplate" id="369" parent="WorldMapButton"/>
	<Button name="VIPTeleport_MapPoint370" inherits="MapPointTemplate" id="370" parent="WorldMapButton"/>
	<Button name="VIPTeleport_MapPoint371" inherits="MapPointTemplate" id="371" parent="WorldMapButton"/>
	<Button name="VIPTeleport_MapPoint372" inherits="MapPointTemplate" id="372" parent="WorldMapButton"/>
	<Button name="VIPTeleport_MapPoint373" inherits="MapPointTemplate" id="373" parent="WorldMapButton"/>
	<Button name="VIPTeleport_MapPoint374" inherits="MapPointTemplate" id="374" parent="WorldMapButton"/>
	<Button name="VIPTeleport_MapPoint375" inherits="MapPointTemplate" id="375" parent="WorldMapButton"/>
	<Button name="VIPTeleport_MapPoint376" inherits="MapPointTemplate" id="376" parent="WorldMapButton"/>
	<Button name="VIPTeleport_MapPoint377" inherits="MapPointTemplate" id="377" parent="WorldMapButton"/>
	<Button name="VIPTeleport_MapPoint378" inherits="MapPointTemplate" id="378" parent="WorldMapButton"/>
	<Button name="VIPTeleport_MapPoint379" inherits="MapPointTemplate" id="379" parent="WorldMapButton"/>
	<Button name="VIPTeleport_MapPoint380" inherits="MapPointTemplate" id="380" parent="WorldMapButton"/>
	<Button name="VIPTeleport_MapPoint381" inherits="MapPointTemplate" id="381" parent="WorldMapButton"/>
	<Button name="VIPTeleport_MapPoint382" inherits="MapPointTemplate" id="382" parent="WorldMapButton"/>
	<Button name="VIPTeleport_MapPoint383" inherits="MapPointTemplate" id="383" parent="WorldMapButton"/>
	<Button name="VIPTeleport_MapPoint384" inherits="MapPointTemplate" id="384" parent="WorldMapButton"/>
	<Button name="VIPTeleport_MapPoint385" inherits="MapPointTemplate" id="385" parent="WorldMapButton"/>
	<Button name="VIPTeleport_MapPoint386" inherits="MapPointTemplate" id="386" parent="WorldMapButton"/>
	<Button name="VIPTeleport_MapPoint387" inherits="MapPointTemplate" id="387" parent="WorldMapButton"/>
	<Button name="VIPTeleport_MapPoint388" inherits="MapPointTemplate" id="388" parent="WorldMapButton"/>
	<Button name="VIPTeleport_MapPoint389" inherits="MapPointTemplate" id="389" parent="WorldMapButton"/>
	<Button name="VIPTeleport_MapPoint390" inherits="MapPointTemplate" id="390" parent="WorldMapButton"/>
	<Button name="VIPTeleport_MapPoint391" inherits="MapPointTemplate" id="391" parent="WorldMapButton"/>
	<Button name="VIPTeleport_MapPoint392" inherits="MapPointTemplate" id="392" parent="WorldMapButton"/>
	<Button name="VIPTeleport_MapPoint393" inherits="MapPointTemplate" id="393" parent="WorldMapButton"/>
	<Button name="VIPTeleport_MapPoint394" inherits="MapPointTemplate" id="394" parent="WorldMapButton"/>
	<Button name="VIPTeleport_MapPoint395" inherits="MapPointTemplate" id="395" parent="WorldMapButton"/>
	<Button name="VIPTeleport_MapPoint396" inherits="MapPointTemplate" id="396" parent="WorldMapButton"/>
	<Button name="VIPTeleport_MapPoint397" inherits="MapPointTemplate" id="397" parent="WorldMapButton"/>
	<Button name="VIPTeleport_MapPoint398" inherits="MapPointTemplate" id="398" parent="WorldMapButton"/>
	<Button name="VIPTeleport_MapPoint399" inherits="MapPointTemplate" id="399" parent="WorldMapButton"/>
	<Button name="VIPTeleport_MapPoint400" inherits="MapPointTemplate" id="400" parent="WorldMapButton"/>
</Ui>

